{
  "sonic.boom": {
    "sounds": [
      "suit/sonic_boom"
    ],
    "category": "player"
  },
  "flight.sfx": {
    "sounds": [
      "ambient/flight_sfx"
    ],
    "category": "ambient"
  },
  "unleash.rage": {
    "sounds":[
      "suit/unleash_rage"
    ],
    "category": "player"
  },
  "holding.back": {
    "sounds":[
      "suit/holding_back"
    ],
    "category": "player"
  },
  "superman.scream": {
    "sounds":[
      "suit/superman_scream"
    ],
    "category":"player"
  },
  "black.adam.line": {
    "sounds":[
      "suit/black_adam"
    ],
    "category": "player"
  }
}